iteration,accuracy,num_correct,num_total
1,68.3128936029168,2061,3017
2,67.31852833941001,2031,3017
3,67.21909181305932,2028,3017
4,67.88200198873052,2048,3017
5,67.91514749751408,2049,3017
