{
  "net_persona": {
    "easy": {
      "Africa": 0.04477611940298509,
      "East Asia": -0.004739336492891044,
      "East Europe": -0.017391304347825987,
      "Middle East/West Asia": 0.007874015748031482,
      "North America": 0.07407407407407407,
      "Oceania": 0.0,
      "South America": -0.026666666666666727,
      "South Asia": -0.028301886792452824,
      "South Europe": 0.053333333333333344,
      "Southeast Asia": -0.012578616352201255,
      "West Europe": 0.01041666666666663
    },
    "hard": {
      "Africa": 0.02489887579647998,
      "East Asia": 0.008088618922738267,
      "East Europe": 0.024377665127863324,
      "Middle East/West Asia": 0.014518409888440886,
      "North America": 0.017921686746987908,
      "Oceania": -0.051116491794457874,
      "South America": 0.004366978051188575,
      "South Asia": 0.005986622073578585,
      "South Europe": 0.014848950332821298,
      "Southeast Asia": -0.034058211115567616,
      "West Europe": 0.05798319327731094
    }
  },
  "persona": {
    "easy": {
      "Accuracy": "Persona Accuracy for Easy: 0.6965742251223491\n",
      "Africa": 0.8134328358208955,
      "East Asia": 0.6303317535545023,
      "East Europe": 0.7217391304347827,
      "Middle East/West Asia": 0.5748031496062992,
      "North America": 0.8888888888888888,
      "Oceania": 0.7692307692307693,
      "South America": 0.6533333333333333,
      "South Asia": 0.7075471698113207,
      "South Europe": 0.7733333333333333,
      "Southeast Asia": 0.7169811320754716,
      "West Europe": 0.6979166666666666
    },
    "hard": {
      "Accuracy": "Persona Accuracy for Hard: 0.3634881825590872\n",
      "Africa": 0.8212435233160622,
      "East Asia": 0.7392120075046904,
      "East Europe": 0.7247386759581882,
      "Middle East/West Asia": 0.6964856230031949,
      "North America": 0.8554216867469879,
      "Oceania": 0.6949152542372882,
      "South America": 0.7568922305764411,
      "South Asia": 0.7959866220735786,
      "South Europe": 0.7926267281105991,
      "Southeast Asia": 0.7281795511221946,
      "West Europe": 0.7764705882352941
    }
  },
  "vanilla": {
    "easy": {
      "Accuracy": "Vanilla Accuracy for Easy: 0.6949429037520392\n",
      "Africa": 0.7686567164179104,
      "East Asia": 0.6350710900473934,
      "East Europe": 0.7391304347826086,
      "Middle East/West Asia": 0.5669291338582677,
      "North America": 0.8148148148148148,
      "Oceania": 0.7692307692307693,
      "South America": 0.68,
      "South Asia": 0.7358490566037735,
      "South Europe": 0.72,
      "Southeast Asia": 0.7295597484276729,
      "West Europe": 0.6875
    },
    "hard": {
      "Accuracy": "Vanilla Accuracy for Hard: 0.33903830480847597\n",
      "Africa": 0.7963446475195822,
      "East Asia": 0.7311233885819521,
      "East Europe": 0.7003610108303249,
      "Middle East/West Asia": 0.6819672131147541,
      "North America": 0.8375,
      "Oceania": 0.746031746031746,
      "South America": 0.7525252525252525,
      "South Asia": 0.79,
      "South Europe": 0.7777777777777778,
      "Southeast Asia": 0.7622377622377622,
      "West Europe": 0.7184873949579832
    }
  }
}