{
  "net_persona": {
    "easy": {
      "Net Accuracy": 1.041906516233027,
      "Regions": {
        "Africa": 0.06320669380370869,
        "East Asia": 0.005989470125102647,
        "East Europe": -0.011212814645308988,
        "Middle East/West Asia": -0.022657450076804864,
        "North America": 0.040000000000000036,
        "Oceania": 0.0723076923076923,
        "South America": -0.024594594594594676,
        "South Asia": 0.01212938005390829,
        "South Europe": 0.039999999999999925,
        "Southeast Asia": 0.01273885350318471,
        "West Europe": 0.010526315789473606
      }
    },
    "hard": {
      "Net Accuracy": 0.48899755501222586,
      "Regions": {
        "Africa": 0.01369482375357256,
        "East Asia": 0.019528453066930407,
        "East Europe": 0.034384568279240635,
        "Middle East/West Asia": 0.019745238267234955,
        "North America": 0.06018518518518523,
        "Oceania": 0.04508196721311475,
        "South America": 0.030529100529100517,
        "South Asia": 0.022020683394929685,
        "South Europe": 0.023560250761918256,
        "Southeast Asia": 0.05580188679245279,
        "West Europe": 0.05713034660766969
      }
    }
  },
  "persona": {
    "easy": {
      "Accuracy": 70.34883720930233,
      "Regions": {
        "Africa": 0.8283582089552238,
        "East Asia": 0.6467661691542289,
        "East Europe": 0.7105263157894737,
        "Middle East/West Asia": 0.5725806451612904,
        "North America": 0.88,
        "Oceania": 0.88,
        "South America": 0.6554054054054054,
        "South Asia": 0.7264150943396226,
        "South Europe": 0.7866666666666666,
        "Southeast Asia": 0.7261146496815286,
        "West Europe": 0.6631578947368421
      }
    },
    "hard": {
      "Accuracy": 34.14832925835371,
      "Regions": {
        "Africa": 0.8115671641791045,
        "East Asia": 0.7713270142180095,
        "East Europe": 0.7456521739130435,
        "Middle East/West Asia": 0.7322834645669292,
        "North America": 0.8518518518518519,
        "Oceania": 0.75,
        "South America": 0.7633333333333333,
        "South Asia": 0.8089622641509434,
        "South Europe": 0.7986798679867987,
        "Southeast Asia": 0.7783018867924528,
        "West Europe": 0.7473958333333334
      }
    }
  },
  "vanilla": {
    "easy": {
      "Accuracy": 69.3069306930693,
      "Regions": {
        "Africa": 0.7651515151515151,
        "East Asia": 0.6407766990291263,
        "East Europe": 0.7217391304347827,
        "Middle East/West Asia": 0.5952380952380952,
        "North America": 0.84,
        "Oceania": 0.8076923076923077,
        "South America": 0.68,
        "South Asia": 0.7142857142857143,
        "South Europe": 0.7466666666666667,
        "Southeast Asia": 0.7133757961783439,
        "West Europe": 0.6526315789473685
      }
    },
    "hard": {
      "Accuracy": 33.659331703341486,
      "Regions": {
        "Africa": 0.7978723404255319,
        "East Asia": 0.7517985611510791,
        "East Europe": 0.7112676056338029,
        "Middle East/West Asia": 0.7125382262996942,
        "North America": 0.7916666666666666,
        "Oceania": 0.7049180327868853,
        "South America": 0.7328042328042328,
        "South Asia": 0.7869415807560137,
        "South Europe": 0.7751196172248804,
        "Southeast Asia": 0.7225,
        "West Europe": 0.6902654867256637
      }
    }
  }
}