{
  "net_persona": {
    "easy": {
      "Africa": 0.06716417910447758,
      "East Asia": 0.004739336492890933,
      "East Europe": -0.04347826086956519,
      "Middle East/West Asia": 0.0,
      "North America": 0.07407407407407407,
      "Oceania": -0.07692307692307698,
      "South America": 0.006666666666666599,
      "South Asia": 0.037735849056603876,
      "South Europe": 0.040000000000000036,
      "Southeast Asia": -0.0062893081761006275,
      "West Europe": 0.01041666666666663
    },
    "hard": {
      "Africa": 0.03365535248041773,
      "East Asia": 0.027373928054899355,
      "East Europe": 0.04366629292394131,
      "Middle East/West Asia": 0.013684960798289403,
      "North America": -0.021710526315789513,
      "Oceania": 0.0,
      "South America": -0.0037942880582474414,
      "South Asia": 0.012547770700636951,
      "South Europe": 0.040000000000000036,
      "Southeast Asia": -0.004021799796447678,
      "West Europe": 0.023315883730541387
    }
  },
  "persona": {
    "easy": {
      "Accuracy": "Persona Accuracy for Easy: 0.7055464926590538\n",
      "Africa": 0.835820895522388,
      "East Asia": 0.6398104265402843,
      "East Europe": 0.6956521739130435,
      "Middle East/West Asia": 0.5669291338582677,
      "North America": 0.8888888888888888,
      "Oceania": 0.6923076923076923,
      "South America": 0.6866666666666666,
      "South Asia": 0.7735849056603774,
      "South Europe": 0.76,
      "Southeast Asia": 0.7232704402515723,
      "West Europe": 0.6979166666666666
    },
    "hard": {
      "Accuracy": "Persona Accuracy for Hard: 0.3691931540342298\n",
      "Africa": 0.83,
      "East Asia": 0.7584973166368515,
      "East Europe": 0.7440273037542662,
      "Middle East/West Asia": 0.6956521739130435,
      "North America": 0.8157894736842105,
      "Oceania": 0.746031746031746,
      "South America": 0.748730964467005,
      "South Asia": 0.802547770700637,
      "South Europe": 0.8177777777777778,
      "Southeast Asia": 0.7582159624413145,
      "West Europe": 0.7418032786885246
    }
  },
  "vanilla": {
    "easy": {
      "Accuracy": "Vanilla Accuracy for Easy: 0.6949429037520392\n",
      "Africa": 0.7686567164179104,
      "East Asia": 0.6350710900473934,
      "East Europe": 0.7391304347826086,
      "Middle East/West Asia": 0.5669291338582677,
      "North America": 0.8148148148148148,
      "Oceania": 0.7692307692307693,
      "South America": 0.68,
      "South Asia": 0.7358490566037735,
      "South Europe": 0.72,
      "Southeast Asia": 0.7295597484276729,
      "West Europe": 0.6875
    },
    "hard": {
      "Accuracy": "Vanilla Accuracy for Hard: 0.33903830480847597\n",
      "Africa": 0.7963446475195822,
      "East Asia": 0.7311233885819521,
      "East Europe": 0.7003610108303249,
      "Middle East/West Asia": 0.6819672131147541,
      "North America": 0.8375,
      "Oceania": 0.746031746031746,
      "South America": 0.7525252525252525,
      "South Asia": 0.79,
      "South Europe": 0.7777777777777778,
      "Southeast Asia": 0.7622377622377622,
      "West Europe": 0.7184873949579832
    }
  }
}