{
  "net_persona": {
    "easy": {
      "Africa": 0.03731343283582089,
      "East Asia": -0.014218009478673022,
      "East Europe": -0.04347826086956519,
      "Middle East/West Asia": 0.007874015748031482,
      "North America": 0.11111111111111116,
      "Oceania": -0.07692307692307698,
      "South America": -0.01333333333333342,
      "South Asia": 0.028301886792452935,
      "South Europe": 0.026666666666666727,
      "Southeast Asia": 0.012578616352201255,
      "West Europe": 0.0
    },
    "hard": {
      "Africa": 0.0353136439377042,
      "East Asia": -0.0005731039519710768,
      "East Europe": 0.04879153154255644,
      "Middle East/West Asia": 0.0237289894168915,
      "North America": 0.0,
      "Oceania": -0.06746031746031744,
      "South America": 0.027667984189723382,
      "South Asia": 0.004117647058823448,
      "South Europe": 0.029239766081871288,
      "Southeast Asia": -0.0022377622377621753,
      "West Europe": 0.07850508624502428
    }
  },
  "persona": {
    "easy": {
      "Accuracy": "Persona Accuracy for Easy: 0.6982055464926591\n",
      "Africa": 0.8059701492537313,
      "East Asia": 0.6208530805687204,
      "East Europe": 0.6956521739130435,
      "Middle East/West Asia": 0.5748031496062992,
      "North America": 0.9259259259259259,
      "Oceania": 0.6923076923076923,
      "South America": 0.6666666666666666,
      "South Asia": 0.7641509433962265,
      "South Europe": 0.7466666666666667,
      "Southeast Asia": 0.7421383647798742,
      "West Europe": 0.6875
    },
    "hard": {
      "Accuracy": "Persona Accuracy for Hard: 0.3797881010594947\n",
      "Africa": 0.8316582914572864,
      "East Asia": 0.7305502846299811,
      "East Europe": 0.7491525423728813,
      "Middle East/West Asia": 0.7056962025316456,
      "North America": 0.8375,
      "Oceania": 0.6785714285714286,
      "South America": 0.7801932367149759,
      "South Asia": 0.7941176470588235,
      "South Europe": 0.8070175438596491,
      "Southeast Asia": 0.76,
      "West Europe": 0.7969924812030075
    }
  },
  "vanilla": {
    "easy": {
      "Accuracy": "Vanilla Accuracy for Easy: 0.6949429037520392\n",
      "Africa": 0.7686567164179104,
      "East Asia": 0.6350710900473934,
      "East Europe": 0.7391304347826086,
      "Middle East/West Asia": 0.5669291338582677,
      "North America": 0.8148148148148148,
      "Oceania": 0.7692307692307693,
      "South America": 0.68,
      "South Asia": 0.7358490566037735,
      "South Europe": 0.72,
      "Southeast Asia": 0.7295597484276729,
      "West Europe": 0.6875
    },
    "hard": {
      "Accuracy": "Vanilla Accuracy for Hard: 0.33903830480847597\n",
      "Africa": 0.7963446475195822,
      "East Asia": 0.7311233885819521,
      "East Europe": 0.7003610108303249,
      "Middle East/West Asia": 0.6819672131147541,
      "North America": 0.8375,
      "Oceania": 0.746031746031746,
      "South America": 0.7525252525252525,
      "South Asia": 0.79,
      "South Europe": 0.7777777777777778,
      "Southeast Asia": 0.7622377622377622,
      "West Europe": 0.7184873949579832
    }
  }
}