{
  "net_persona": {
    "easy": {
      "Net Accuracy": 3.3376974061042546,
      "Regions": {
        "Africa": 0.0579254079254079,
        "East Asia": 0.014725693315371324,
        "East Europe": 0.041418764302059485,
        "Middle East/West Asia": 0.012761904761904752,
        "North America": 0.08592592592592596,
        "Oceania": 0.03230769230769226,
        "South America": 0.022702702702702693,
        "South Asia": 0.049865229110512166,
        "South Europe": 0.013333333333333308,
        "Southeast Asia": 0.02547770700636942,
        "West Europe": 0.07077267637178053
      }
    },
    "hard": {
      "Net Accuracy": 3.0154849225753892,
      "Regions": {
        "Africa": -0.006827564306128964,
        "East Asia": 0.021898121313375873,
        "East Europe": 0.03221065523576239,
        "Middle East/West Asia": 0.019745238267234955,
        "North America": 0.05092592592592593,
        "Oceania": 0.05469735182849933,
        "South America": 0.03886243386243382,
        "South Asia": 0.047964079621344746,
        "South Europe": 0.023560250761918256,
        "Southeast Asia": 0.04322327044025154,
        "West Europe": 0.05192201327433632
      }
    }
  },
  "persona": {
    "easy": {
      "Accuracy": 72.64462809917356,
      "Regions": {
        "Africa": 0.823076923076923,
        "East Asia": 0.6555023923444976,
        "East Europe": 0.7631578947368421,
        "Middle East/West Asia": 0.608,
        "North America": 0.9259259259259259,
        "Oceania": 0.84,
        "South America": 0.7027027027027027,
        "South Asia": 0.7641509433962265,
        "South Europe": 0.76,
        "Southeast Asia": 0.7388535031847133,
        "West Europe": 0.723404255319149
      }
    },
    "hard": {
      "Accuracy": 36.674816625916876,
      "Regions": {
        "Africa": 0.7910447761194029,
        "East Asia": 0.773696682464455,
        "East Europe": 0.7434782608695653,
        "Middle East/West Asia": 0.7322834645669292,
        "North America": 0.8425925925925926,
        "Oceania": 0.7596153846153846,
        "South America": 0.7716666666666666,
        "South Asia": 0.8349056603773585,
        "South Europe": 0.7986798679867987,
        "Southeast Asia": 0.7657232704402516,
        "West Europe": 0.7421875
      }
    }
  },
  "vanilla": {
    "easy": {
      "Accuracy": 69.3069306930693,
      "Regions": {
        "Africa": 0.7651515151515151,
        "East Asia": 0.6407766990291263,
        "East Europe": 0.7217391304347827,
        "Middle East/West Asia": 0.5952380952380952,
        "North America": 0.84,
        "Oceania": 0.8076923076923077,
        "South America": 0.68,
        "South Asia": 0.7142857142857143,
        "South Europe": 0.7466666666666667,
        "Southeast Asia": 0.7133757961783439,
        "West Europe": 0.6526315789473685
      }
    },
    "hard": {
      "Accuracy": 33.659331703341486,
      "Regions": {
        "Africa": 0.7978723404255319,
        "East Asia": 0.7517985611510791,
        "East Europe": 0.7112676056338029,
        "Middle East/West Asia": 0.7125382262996942,
        "North America": 0.7916666666666666,
        "Oceania": 0.7049180327868853,
        "South America": 0.7328042328042328,
        "South Asia": 0.7869415807560137,
        "South Europe": 0.7751196172248804,
        "Southeast Asia": 0.7225,
        "West Europe": 0.6902654867256637
      }
    }
  }
}