iteration,accuracy,num_correct,num_total
1,43.06192660550459,751,1744
2,42.31651376146789,738,1744
3,41.05504587155963,716,1744
4,41.227064220183486,719,1744
5,41.456422018348626,723,1744
