{
  "net_persona": {
    "easy": {
      "Africa": 0.02238805970149249,
      "East Asia": -0.009478672985781977,
      "East Europe": -0.05217391304347818,
      "Middle East/West Asia": 0.023622047244094446,
      "North America": 0.07407407407407407,
      "Oceania": 0.0,
      "South America": -0.020000000000000018,
      "South Asia": 0.04716981132075482,
      "South Europe": 0.08000000000000007,
      "Southeast Asia": 0.012578616352201255,
      "West Europe": 0.04166666666666663
    },
    "hard": {
      "Africa": 0.028082833396448348,
      "East Asia": 0.019792362333798774,
      "East Europe": 0.029091043964195706,
      "Middle East/West Asia": 0.015485016184608957,
      "North America": -0.004166666666666652,
      "Oceania": -0.056376573617952896,
      "South America": 0.01997474747474748,
      "South Asia": 0.04591331269349841,
      "South Europe": 0.03555555555555556,
      "Southeast Asia": 0.017072582589824026,
      "West Europe": 0.0837514110121661
    }
  },
  "persona": {
    "easy": {
      "Accuracy": "Persona Accuracy for Easy: 0.7063621533442088\n",
      "Africa": 0.7910447761194029,
      "East Asia": 0.6255924170616114,
      "East Europe": 0.6869565217391305,
      "Middle East/West Asia": 0.5905511811023622,
      "North America": 0.8888888888888888,
      "Oceania": 0.7692307692307693,
      "South America": 0.66,
      "South Asia": 0.7830188679245284,
      "South Europe": 0.8,
      "Southeast Asia": 0.7421383647798742,
      "West Europe": 0.7291666666666666
    },
    "hard": {
      "Accuracy": "Persona Accuracy for Hard: 0.3928280358598207\n",
      "Africa": 0.8244274809160306,
      "East Asia": 0.7509157509157509,
      "East Europe": 0.7294520547945206,
      "Middle East/West Asia": 0.697452229299363,
      "North America": 0.8333333333333334,
      "Oceania": 0.6896551724137931,
      "South America": 0.7725,
      "South Asia": 0.8359133126934984,
      "South Europe": 0.8133333333333334,
      "Southeast Asia": 0.7793103448275862,
      "West Europe": 0.8022388059701493
    }
  },
  "vanilla": {
    "easy": {
      "Accuracy": "Vanilla Accuracy for Easy: 0.6949429037520392\n",
      "Africa": 0.7686567164179104,
      "East Asia": 0.6350710900473934,
      "East Europe": 0.7391304347826086,
      "Middle East/West Asia": 0.5669291338582677,
      "North America": 0.8148148148148148,
      "Oceania": 0.7692307692307693,
      "South America": 0.68,
      "South Asia": 0.7358490566037735,
      "South Europe": 0.72,
      "Southeast Asia": 0.7295597484276729,
      "West Europe": 0.6875
    },
    "hard": {
      "Accuracy": "Vanilla Accuracy for Hard: 0.33903830480847597\n",
      "Africa": 0.7963446475195822,
      "East Asia": 0.7311233885819521,
      "East Europe": 0.7003610108303249,
      "Middle East/West Asia": 0.6819672131147541,
      "North America": 0.8375,
      "Oceania": 0.746031746031746,
      "South America": 0.7525252525252525,
      "South Asia": 0.79,
      "South Europe": 0.7777777777777778,
      "Southeast Asia": 0.7622377622377622,
      "West Europe": 0.7184873949579832
    }
  }
}