{
  "net_persona": {
    "easy": {
      "Net Accuracy": 3.442862865972799,
      "Regions": {
        "Africa": 0.04687856003645474,
        "East Asia": 0.024271844660194164,
        "East Europe": 0.03047325894574826,
        "Middle East/West Asia": 0.007936507936507908,
        "North America": 0.08592592592592596,
        "Oceania": -0.0476923076923077,
        "South America": 0.009189189189189095,
        "South Asia": 0.01212938005390829,
        "South Europe": 0.09333333333333327,
        "Southeast Asia": 0.03821656050955424,
        "West Europe": 0.09473684210526312
      }
    },
    "hard": {
      "Net Accuracy": 3.8304808475957586,
      "Regions": {
        "Africa": -0.00123054938075573,
        "East Asia": 0.021898121313375873,
        "East Europe": 0.047428046540110125,
        "Middle East/West Asia": 0.03746177370030579,
        "North America": 0.04166666666666674,
        "Oceania": 0.03546658259773017,
        "South America": 0.040529100529100526,
        "South Asia": 0.04324709848926933,
        "South Europe": 0.036761570893931506,
        "Southeast Asia": 0.030644654088050283,
        "West Europe": 0.06494284660766969
      }
    }
  },
  "persona": {
    "easy": {
      "Accuracy": 72.7497935590421,
      "Regions": {
        "Africa": 0.8120300751879699,
        "East Asia": 0.6650485436893204,
        "East Europe": 0.7522123893805309,
        "Middle East/West Asia": 0.6031746031746031,
        "North America": 0.9259259259259259,
        "Oceania": 0.76,
        "South America": 0.6891891891891891,
        "South Asia": 0.7264150943396226,
        "South Europe": 0.84,
        "Southeast Asia": 0.7515923566878981,
        "West Europe": 0.7473684210526316
      }
    },
    "hard": {
      "Accuracy": 37.489812550937245,
      "Regions": {
        "Africa": 0.7966417910447762,
        "East Asia": 0.773696682464455,
        "East Europe": 0.758695652173913,
        "Middle East/West Asia": 0.75,
        "North America": 0.8333333333333334,
        "Oceania": 0.7403846153846154,
        "South America": 0.7733333333333333,
        "South Asia": 0.8301886792452831,
        "South Europe": 0.8118811881188119,
        "Southeast Asia": 0.7531446540880503,
        "West Europe": 0.7552083333333334
      }
    }
  },
  "vanilla": {
    "easy": {
      "Accuracy": 69.3069306930693,
      "Regions": {
        "Africa": 0.7651515151515151,
        "East Asia": 0.6407766990291263,
        "East Europe": 0.7217391304347827,
        "Middle East/West Asia": 0.5952380952380952,
        "North America": 0.84,
        "Oceania": 0.8076923076923077,
        "South America": 0.68,
        "South Asia": 0.7142857142857143,
        "South Europe": 0.7466666666666667,
        "Southeast Asia": 0.7133757961783439,
        "West Europe": 0.6526315789473685
      }
    },
    "hard": {
      "Accuracy": 33.659331703341486,
      "Regions": {
        "Africa": 0.7978723404255319,
        "East Asia": 0.7517985611510791,
        "East Europe": 0.7112676056338029,
        "Middle East/West Asia": 0.7125382262996942,
        "North America": 0.7916666666666666,
        "Oceania": 0.7049180327868853,
        "South America": 0.7328042328042328,
        "South Asia": 0.7869415807560137,
        "South Europe": 0.7751196172248804,
        "Southeast Asia": 0.7225,
        "West Europe": 0.6902654867256637
      }
    }
  }
}