{
  "net_persona": {
    "easy": {
      "Net Accuracy": 1.0603588907014654,
      "Regions": {
        "Africa": 0.014925373134328401,
        "East Asia": -0.004739336492891044,
        "East Europe": -0.034782608695652084,
        "Middle East/West Asia": 0.0,
        "North America": 0.07407407407407407,
        "Oceania": -0.03846153846153855,
        "South America": 0.019999999999999907,
        "South Asia": 0.04716981132075482,
        "South Europe": 0.06666666666666665,
        "Southeast Asia": 0.018867924528301883,
        "West Europe": -0.01041666666666663
      }
    },
    "hard": {
      "Net Accuracy": 2.363488182559088,
      "Regions": {
        "Africa": 0.01664236546743081,
        "East Asia": 0.005223127425580842,
        "East Europe": -0.005508069653854308,
        "Middle East/West Asia": 0.009351114859522447,
        "North America": 0.014351851851851838,
        "Oceania": -0.12339023659778381,
        "South America": 0.009850985098509901,
        "South Asia": 0.031086261980830643,
        "South Europe": -0.012519561815336422,
        "Southeast Asia": -0.008100646398518707,
        "West Europe": 0.07999169249448834
      }
    }
  },
  "persona": {
    "easy": {
      "Accuracy": 70.55464926590538,
      "Regions": {
        "Africa": 0.7835820895522388,
        "East Asia": 0.6303317535545023,
        "East Europe": 0.7043478260869566,
        "Middle East/West Asia": 0.5669291338582677,
        "North America": 0.8888888888888888,
        "Oceania": 0.7307692307692307,
        "South America": 0.7,
        "South Asia": 0.7830188679245284,
        "South Europe": 0.7866666666666666,
        "Southeast Asia": 0.7484276729559748,
        "West Europe": 0.6770833333333334
      }
    },
    "hard": {
      "Accuracy": 36.267318663406684,
      "Regions": {
        "Africa": 0.812987012987013,
        "East Asia": 0.736346516007533,
        "East Europe": 0.6948529411764706,
        "Middle East/West Asia": 0.6913183279742765,
        "North America": 0.8518518518518519,
        "Oceania": 0.6226415094339622,
        "South America": 0.7623762376237624,
        "South Asia": 0.8210862619808307,
        "South Europe": 0.7652582159624414,
        "Southeast Asia": 0.7541371158392435,
        "West Europe": 0.7984790874524715
      }
    }
  },
  "vanilla": {
    "easy": {
      "Accuracy": 69.49429037520392,
      "Regions": {
        "Africa": 0.7686567164179104,
        "East Asia": 0.6350710900473934,
        "East Europe": 0.7391304347826086,
        "Middle East/West Asia": 0.5669291338582677,
        "North America": 0.8148148148148148,
        "Oceania": 0.7692307692307693,
        "South America": 0.68,
        "South Asia": 0.7358490566037735,
        "South Europe": 0.72,
        "Southeast Asia": 0.7295597484276729,
        "West Europe": 0.6875
      }
    },
    "hard": {
      "Accuracy": 33.903830480847596,
      "Regions": {
        "Africa": 0.7963446475195822,
        "East Asia": 0.7311233885819521,
        "East Europe": 0.7003610108303249,
        "Middle East/West Asia": 0.6819672131147541,
        "North America": 0.8375,
        "Oceania": 0.746031746031746,
        "South America": 0.7525252525252525,
        "South Asia": 0.79,
        "South Europe": 0.7777777777777778,
        "Southeast Asia": 0.7622377622377622,
        "West Europe": 0.7184873949579832
      }
    }
  }
}