{
  "net_persona": {
    "easy": {
      "Net Accuracy": 0.9588500378277018,
      "Regions": {
        "Africa": 0.054397357028936,
        "East Asia": 0.025889967637540368,
        "East Europe": -0.049172758753366685,
        "Middle East/West Asia": -0.003238095238095262,
        "North America": 0.04888888888888887,
        "Oceania": 0.0,
        "South America": -0.03570469798657727,
        "South Asia": 0.01904761904761898,
        "South Europe": 0.026666666666666616,
        "Southeast Asia": -0.01084415060872368,
        "West Europe": 0.06315789473684208
      }
    },
    "hard": {
      "Net Accuracy": 0.48899755501222586,
      "Regions": {
        "Africa": 0.008097808828199438,
        "East Asia": 0.021898121313375873,
        "East Europe": 0.04090630740967538,
        "Middle East/West Asia": 0.03155626188928218,
        "North America": 0.04166666666666674,
        "Oceania": 0.03546658259773017,
        "South America": 0.028862433862433923,
        "South Asia": 0.01730370226285416,
        "South Europe": 0.023560250761918256,
        "Southeast Asia": 0.05422955974842769,
        "West Europe": 0.08317201327433632
      }
    }
  },
  "persona": {
    "easy": {
      "Accuracy": 70.265780730897,
      "Regions": {
        "Africa": 0.8195488721804511,
        "East Asia": 0.6666666666666666,
        "East Europe": 0.672566371681416,
        "Middle East/West Asia": 0.592,
        "North America": 0.8888888888888888,
        "Oceania": 0.8076923076923077,
        "South America": 0.6442953020134228,
        "South Asia": 0.7333333333333333,
        "South Europe": 0.7733333333333333,
        "Southeast Asia": 0.7025316455696202,
        "West Europe": 0.7157894736842105
      }
    },
    "hard": {
      "Accuracy": 34.14832925835371,
      "Regions": {
        "Africa": 0.8059701492537313,
        "East Asia": 0.773696682464455,
        "East Europe": 0.7521739130434782,
        "Middle East/West Asia": 0.7440944881889764,
        "North America": 0.8333333333333334,
        "Oceania": 0.7403846153846154,
        "South America": 0.7616666666666667,
        "South Asia": 0.8042452830188679,
        "South Europe": 0.7986798679867987,
        "Southeast Asia": 0.7767295597484277,
        "West Europe": 0.7734375
      }
    }
  },
  "vanilla": {
    "easy": {
      "Accuracy": 69.3069306930693,
      "Regions": {
        "Africa": 0.7651515151515151,
        "East Asia": 0.6407766990291263,
        "East Europe": 0.7217391304347827,
        "Middle East/West Asia": 0.5952380952380952,
        "North America": 0.84,
        "Oceania": 0.8076923076923077,
        "South America": 0.68,
        "South Asia": 0.7142857142857143,
        "South Europe": 0.7466666666666667,
        "Southeast Asia": 0.7133757961783439,
        "West Europe": 0.6526315789473685
      }
    },
    "hard": {
      "Accuracy": 33.659331703341486,
      "Regions": {
        "Africa": 0.7978723404255319,
        "East Asia": 0.7517985611510791,
        "East Europe": 0.7112676056338029,
        "Middle East/West Asia": 0.7125382262996942,
        "North America": 0.7916666666666666,
        "Oceania": 0.7049180327868853,
        "South America": 0.7328042328042328,
        "South Asia": 0.7869415807560137,
        "South Europe": 0.7751196172248804,
        "Southeast Asia": 0.7225,
        "West Europe": 0.6902654867256637
      }
    }
  }
}