iteration,accuracy,num_correct,num_total
1,37.33788395904437,547,1465
2,39.317406143344705,576,1465
3,38.907849829351534,570,1465
4,38.43003412969283,563,1465
5,38.63481228668942,566,1465
